{"IoU/Undrivable":0.9207173585891724,"IoU/Moveable":0.7247740626335144,"IoU/Rider":0.8645550608634949,"_wandb":{"runtime":662},"train_avg_loss":0.1498434580862522,"learning_rate":1.1474337861210536e-05,"_runtime":662,"IoU/My bike":0.917759358882904,"val_miou":0.7967387437820435,"batch_loss":0.1516881138086319,"_timestamp":1.7709032203162186e+09,"_step":1639,"IoU/Lane Mark":0.5192851424217224,"IoU/Road":0.8333411812782288}