{"learning_rate":3.1593772365766105e-05,"val_miou":0.7958383560180664,"IoU/Lane Mark":0.4883452355861664,"_wandb":{"runtime":2314},"_timestamp":1.7708973014826825e+09,"IoU/Road":0.8527997732162476,"_step":1311,"IoU/Moveable":0.702186644077301,"IoU/Rider":0.8699856400489807,"IoU/Undrivable":0.9199450612068176,"_runtime":2314,"train_avg_loss":0.047300808131694794,"IoU/My bike":0.941767692565918,"batch_loss":0.045386902987957}