{"learning_rate":9.866357858642197e-08,"_step":2049,"_runtime":1055,"IoU/My bike":0.9402511119842529,"IoU/Lane Mark":0.4669815003871918,"epoch":50,"train_avg_loss":0.04256376717239618,"global_step":1999,"_wandb":{"runtime":1055},"batch_loss":0.04848359525203705,"IoU/Rider":0.8748723268508911,"IoU/Road":0.8520869612693787,"val_miou":0.7929425239562988,"_timestamp":1.7708963475903988e+09,"IoU/Moveable":0.7019178867340088,"IoU/Undrivable":0.921545147895813}